{"cameraMode":{"drawMode":0,"name":"Shaded","section":"Shading Mode"},"sceneLighting":false,"audioPlay":false,"sceneViewState":{"m_AlwaysRefresh":true,"showFog":true,"showSkybox":false,"showFlares":true,"showImageEffects":true,"showParticleSystems":true,"showVisualEffectGraphs":true,"m_FxEnabled":false},"in2DMode":false,"pivot":{"x":-11.162405967712403,"y":-1.5929932594299317,"z":3.092341899871826},"rotation":{"x":0.3151801824569702,"y":0.35027560591697695,"z":-0.12647050619125367,"w":0.8729071617126465},"size":1.2520372867584229,"orthographic":false}