{"cameraMode":{"drawMode":0,"name":"Shaded","section":"Shading Mode"},"sceneLighting":false,"audioPlay":false,"sceneViewState":{"m_AlwaysRefresh":true,"showFog":true,"showSkybox":false,"showFlares":true,"showImageEffects":true,"showParticleSystems":true,"showVisualEffectGraphs":true,"m_FxEnabled":true},"in2DMode":false,"pivot":{"x":-9.182340621948243,"y":-1.1588152647018433,"z":1.1061670780181885},"rotation":{"x":0.2086535394191742,"y":-0.26322850584983828,"z":0.05841811001300812,"w":0.9401386380195618},"size":1.8547520637512208,"orthographic":false}