{"cameraMode":{"drawMode":0,"name":"Shaded","section":"Shading Mode"},"sceneLighting":false,"audioPlay":false,"sceneViewState":{"m_AlwaysRefresh":true,"showFog":true,"showSkybox":false,"showFlares":true,"showImageEffects":true,"showParticleSystems":true,"showVisualEffectGraphs":true,"m_FxEnabled":true},"in2DMode":false,"pivot":{"x":-0.7470267415046692,"y":0.49901214241981509,"z":1.3703886270523072},"rotation":{"x":0.1415037214756012,"y":-0.37979239225387576,"z":0.05894080922007561,"w":0.9122599959373474},"size":0.8660224676132202,"orthographic":false}