{"cameraMode":{"drawMode":0,"name":"Shaded","section":"Shading Mode"},"sceneLighting":true,"audioPlay":false,"sceneViewState":{"m_AlwaysRefresh":true,"showFog":true,"showSkybox":false,"showFlares":true,"showImageEffects":true,"showParticleSystems":true,"showVisualEffectGraphs":true,"m_FxEnabled":false},"in2DMode":false,"pivot":{"x":-13.062156677246094,"y":-0.7164875268936157,"z":-2.8331148624420168},"rotation":{"x":-0.10643079876899719,"y":0.8641372323036194,"z":-0.20599332451820374,"w":-0.4465956687927246},"size":0.7747501730918884,"orthographic":false}