{"cameraMode":{"drawMode":0,"name":"Shaded","section":"Shading Mode"},"sceneLighting":false,"audioPlay":false,"sceneViewState":{"m_AlwaysRefresh":true,"showFog":true,"showSkybox":false,"showFlares":true,"showImageEffects":true,"showParticleSystems":true,"showVisualEffectGraphs":true,"m_FxEnabled":false},"in2DMode":false,"pivot":{"x":-10.77453327178955,"y":-0.6891921758651733,"z":12.749472618103028},"rotation":{"x":0.3126811981201172,"y":0.15494519472122193,"z":-0.051774073392152789,"w":0.9357019066810608},"size":1.2545151710510255,"orthographic":false}