{"cameraMode":{"drawMode":0,"name":"Shaded","section":"Shading Mode"},"sceneLighting":false,"audioPlay":false,"sceneViewState":{"m_AlwaysRefresh":true,"showFog":true,"showSkybox":false,"showFlares":true,"showImageEffects":true,"showParticleSystems":true,"showVisualEffectGraphs":true,"m_FxEnabled":true},"in2DMode":false,"pivot":{"x":-11.510452270507813,"y":-1.260815143585205,"z":3.0064070224761965},"rotation":{"x":0.010288603603839875,"y":-0.8204008936882019,"z":0.5714362263679504,"w":0.01474678236991167},"size":1.3248196840286255,"orthographic":false}