{"cameraMode":{"drawMode":0,"name":"Shaded","section":"Shading Mode"},"sceneLighting":false,"audioPlay":false,"sceneViewState":{"m_AlwaysRefresh":true,"showFog":true,"showSkybox":false,"showFlares":true,"showImageEffects":true,"showParticleSystems":true,"showVisualEffectGraphs":true,"m_FxEnabled":false},"in2DMode":false,"pivot":{"x":-1.6673749685287476,"y":1.3566592931747437,"z":2.8050246238708498},"rotation":{"x":-0.4369737505912781,"y":0.050138168036937717,"z":-0.024413250386714937,"w":-0.8977194428443909},"size":0.08660244941711426,"orthographic":false}