{"cameraMode":{"drawMode":0,"name":"Shaded","section":"Shading Mode"},"sceneLighting":false,"audioPlay":false,"sceneViewState":{"m_AlwaysRefresh":true,"showFog":true,"showSkybox":false,"showFlares":true,"showImageEffects":true,"showParticleSystems":true,"showVisualEffectGraphs":true,"m_FxEnabled":true},"in2DMode":false,"pivot":{"x":-8.139625549316407,"y":0.11028861999511719,"z":0.003307342529296875},"rotation":{"x":0.39027827978134158,"y":0.08817749470472336,"z":-0.037581779062747958,"w":0.9156883358955383},"size":4.466025352478027,"orthographic":false}