{"cameraMode":{"drawMode":0,"name":"Shaded","section":"Shading Mode"},"sceneLighting":true,"audioPlay":false,"sceneViewState":{"m_AlwaysRefresh":true,"showFog":true,"showSkybox":true,"showFlares":true,"showImageEffects":true,"showParticleSystems":true,"showVisualEffectGraphs":true,"m_FxEnabled":true},"in2DMode":false,"pivot":{"x":-6.714790344238281,"y":8.83779525756836,"z":-10.301989555358887},"rotation":{"x":0.419535368680954,"y":0.008233440108597279,"z":-0.0036459274124354126,"w":0.9075929522514343},"size":0.5547555685043335,"orthographic":false}