{"cameraMode":{"drawMode":0,"name":"Shaded","section":"Shading Mode"},"sceneLighting":true,"audioPlay":false,"sceneViewState":{"m_AlwaysRefresh":true,"showFog":true,"showSkybox":true,"showFlares":true,"showImageEffects":true,"showParticleSystems":true,"showVisualEffectGraphs":true,"m_FxEnabled":true},"in2DMode":false,"pivot":{"x":-4.01503324508667,"y":7.691765308380127,"z":-7.83830451965332},"rotation":{"x":0.38107049465179446,"y":0.0028326688334345819,"z":-0.0010106744011864067,"w":0.9244409203529358},"size":1.4547555446624756,"orthographic":false}