{"cameraMode":{"drawMode":0,"name":"Shaded","section":"Shading Mode"},"sceneLighting":true,"audioPlay":false,"sceneViewState":{"m_AlwaysRefresh":true,"showFog":true,"showSkybox":true,"showFlares":true,"showImageEffects":true,"showParticleSystems":true,"showVisualEffectGraphs":true,"m_FxEnabled":true},"in2DMode":false,"pivot":{"x":-7.7486419677734379,"y":8.236472129821778,"z":-8.74951457977295},"rotation":{"x":0.39213424921035769,"y":0.004200115334242582,"z":-0.001632623141631484,"w":0.9197966456413269},"size":0.5547555685043335,"orthographic":false}