{"cameraMode":{"drawMode":0,"name":"Shaded","section":"Shading Mode"},"sceneLighting":false,"audioPlay":false,"sceneViewState":{"m_AlwaysRefresh":true,"showFog":true,"showSkybox":false,"showFlares":true,"showImageEffects":true,"showParticleSystems":true,"showVisualEffectGraphs":true,"m_FxEnabled":true},"in2DMode":false,"pivot":{"x":-1.6673749685287476,"y":1.3566592931747437,"z":2.8050246238708498},"rotation":{"x":0.32233190536499026,"y":-0.4220797121524811,"z":0.16366207599639893,"w":0.8313069343566895},"size":0.1299039125442505,"orthographic":false}