{"cameraMode":{"drawMode":0,"name":"Shaded","section":"Shading Mode"},"sceneLighting":false,"audioPlay":false,"sceneViewState":{"m_AlwaysRefresh":true,"showFog":true,"showSkybox":false,"showFlares":true,"showImageEffects":true,"showParticleSystems":true,"showVisualEffectGraphs":true,"m_FxEnabled":true},"in2DMode":false,"pivot":{"x":-1.6673749685287476,"y":1.3566592931747437,"z":2.8022563457489015},"rotation":{"x":0.3431207835674286,"y":0.02957920730113983,"z":-0.010827934369444847,"w":0.93882155418396},"size":0.08706077188253403,"orthographic":false}