{"cameraMode":{"drawMode":0,"name":"Shaded","section":"Shading Mode"},"sceneLighting":false,"audioPlay":false,"sceneViewState":{"m_AlwaysRefresh":true,"showFog":true,"showSkybox":false,"showFlares":true,"showImageEffects":true,"showParticleSystems":true,"showVisualEffectGraphs":true,"m_FxEnabled":true},"in2DMode":false,"pivot":{"x":-9.654991149902344,"y":-0.20930713415145875,"z":6.806921482086182},"rotation":{"x":0.035040512681007388,"y":-0.8984036445617676,"z":0.07293035835027695,"w":0.43165257573127749},"size":0.914056658744812,"orthographic":true}