{"cameraMode":{"drawMode":0,"name":"Shaded","section":"Shading Mode"},"sceneLighting":false,"audioPlay":false,"sceneViewState":{"m_AlwaysRefresh":true,"showFog":true,"showSkybox":false,"showFlares":true,"showImageEffects":true,"showParticleSystems":true,"showVisualEffectGraphs":true,"m_FxEnabled":true},"in2DMode":false,"pivot":{"x":-4.279080390930176,"y":-0.011807831935584546,"z":-3.72001576423645},"rotation":{"x":0.3907346725463867,"y":-0.16698580980300904,"z":0.07241883128881455,"w":0.9022858142852783},"size":1.4909855127334595,"orthographic":false}