{"cameraMode":{"drawMode":0,"name":"Shaded","section":"Shading Mode"},"sceneLighting":false,"audioPlay":false,"sceneViewState":{"m_AlwaysRefresh":true,"showFog":true,"showSkybox":false,"showFlares":true,"showImageEffects":true,"showParticleSystems":true,"showVisualEffectGraphs":true,"m_FxEnabled":true},"in2DMode":false,"pivot":{"x":-0.572035014629364,"y":0.5399045944213867,"z":-0.3837152421474457},"rotation":{"x":0.08358728140592575,"y":-0.24725979566574098,"z":0.0214096512645483,"w":0.9650723338127136},"size":0.3000173270702362,"orthographic":false}