{"cameraMode":{"drawMode":0,"name":"Shaded","section":"Shading Mode"},"sceneLighting":false,"audioPlay":false,"sceneViewState":{"m_AlwaysRefresh":true,"showFog":true,"showSkybox":false,"showFlares":true,"showImageEffects":true,"showParticleSystems":true,"showVisualEffectGraphs":true,"m_FxEnabled":true},"in2DMode":false,"pivot":{"x":-2.7906222343444826,"y":3.2748844623565676,"z":1.1308554410934449},"rotation":{"x":-0.036016348749399188,"y":0.9224730134010315,"z":-0.08882980048656464,"w":-0.374024897813797},"size":0.8489800095558167,"orthographic":true}