{"cameraMode":{"drawMode":0,"name":"Shaded","section":"Shading Mode"},"sceneLighting":false,"audioPlay":false,"sceneViewState":{"m_AlwaysRefresh":true,"showFog":true,"showSkybox":false,"showFlares":true,"showImageEffects":true,"showParticleSystems":true,"showVisualEffectGraphs":true,"m_FxEnabled":false},"in2DMode":false,"pivot":{"x":-1.2775675058364869,"y":1.4279003143310547,"z":2.907095432281494},"rotation":{"x":0.10372553765773773,"y":-0.6984286904335022,"z":0.10341611504554749,"w":0.7005289793014526},"size":0.08660245686769486,"orthographic":false}