{"cameraMode":{"drawMode":0,"name":"Shaded","section":"Shading Mode"},"sceneLighting":false,"audioPlay":false,"sceneViewState":{"m_AlwaysRefresh":true,"showFog":true,"showSkybox":false,"showFlares":true,"showImageEffects":true,"showParticleSystems":true,"showVisualEffectGraphs":true,"m_FxEnabled":true},"in2DMode":false,"pivot":{"x":-12.841672897338868,"y":-0.6886459589004517,"z":5.341086387634277},"rotation":{"x":0.36568766832351687,"y":-0.013957477174699307,"z":0.005489736795425415,"w":0.9306643605232239},"size":0.9559869766235352,"orthographic":false}