{"cameraMode":{"drawMode":0,"name":"Shaded","section":"Shading Mode"},"sceneLighting":false,"audioPlay":false,"sceneViewState":{"m_AlwaysRefresh":true,"showFog":true,"showSkybox":false,"showFlares":true,"showImageEffects":true,"showParticleSystems":true,"showVisualEffectGraphs":true,"m_FxEnabled":true},"in2DMode":false,"pivot":{"x":-11.179792404174805,"y":0.09353988617658615,"z":3.662429094314575},"rotation":{"x":0.2304098904132843,"y":-0.2520098090171814,"z":0.06191517785191536,"w":0.9378930926322937},"size":0.037045929580926898,"orthographic":false}